Suzanne Collins,The Hunger Games,fifth,1,272,1100,1
J.K. Rowling,Harry Potter and the Philosophers Stone,sixth,2,491,1100,1
F. Scott Fitzgerald,The Great Gatsby,fifth,5,356,1100,1
John Green,The Fault in Our Stars,third,6,226,1100,1
J.R.R. Tolkien,The Hobbit or There and Back Again,fifth,7,969,1100,1
J.D. Salinger,The Catcher in the Rye,sixth,8,360,1100,1
Dan Brown,Angels & Demons ,third,9,311,1100,1
Jane Austen,Pride and Prejudice,second,10,455,1100,1
Khaled Hosseini,The Kite Runner ,fifth,11,283,1100,1
Veronica Roth,Divergent,third,12,210,1100,1
Suzanne Collins,Nineteen Eighty-Four,fifth,13,995,1100,1
J.K. Rowling,Animal Farm: A Fairy Story,sixth,14,896,1100,1
Alice Sebold,Het Achterhuis,third,15,710,1100,1
J.K. Rowling,Moon som hatar kvinnor,second,16,274,1100,1
J.K. Rowling,Catching Fire,fifth,17,201,1100,1
George R.R. Martin,Harry Potter and the Prisoner of Azkaban,third,18,376,1100,1
Dan Brown, The Fellowship of the Ring,fifth,19,566,900,1
J.K. Rowling,Mockingjay,sixth,20,239,900,1
William Golding,Harry Potter and the Order of the Phoenix,third,21,307,900,1
William Shakespeare,The Lovely Bones,second,22,183,900,1
Gillian Flynn,Harry Potter and the Chamber of Secrets,fifth,23,398,900,1
Kathryn Stockett,Harry Potter and the Goblet of Fire,third,24,332,900,1
John Steinbeck,Harry Potter and the Deathly Hallows,fifth,25,263,900,1
Arthur Golden,The Da Vinci Code,sixth,26,350,900,1
E.L. James,Harry Potter and the Half-Blood Prince,third,27,275,900,1
Paulo Coelho,Lord of the Flies ,second,28,458,900,1
Lois Lowry,An Excellent conceited Tragedie of Romeo ,fifth,29,1937,900,1
C.S. Lewis,Gone Girl,third,30,196,900,1
Audrey Niffenegger,The Help,fifth,31,183,900,1
George R.R. Martin,Of Mice and Men ,sixth,32,373,900,1
Elizabeth Gilbert,Memoirs of a Geisha,third,33,220,900,1
Rick Riordan,Fifty Shades of Grey,second,34,169,900,1
Louisa May Alcott,O Alquimista,fifth,35,458,900,1
Charlotte Bront,The Giver,third,36,192,900,1
Nicholas Sparks,The Lion the Witch and the Wardrobe,fifth,37,474,900,1
Yann Martel,The Time Travelers Wife,sixth,38,167,900,1
Sara Gruen,A Game of Thrones,third,39,101,900,1
Markus Zusak,Eat pray  love,second,40,185,900,1
Ray Bradbury,The Lightning Thief,fifth,41,159,900,1
Stephenie Meyer,Little Women,third,42,1707,900,1
Shel Silverstein,Jane Eyre,fifth,43,2568,900,1
Cassandra Clare,The Notebook,sixth,44,190,900,1
Stephenie Meyer,Life of Pi,third,45,264,900,1
Christopher Paolini,Water for Elephants,second,46,128,900,1
Douglas Adams,The Book Thief,fifth,47,251,900,1
Aldous Huxley,Fahrenheit 451,third,48,507,900,1
Stephenie Meyer,New Moon,fifth,49,194,900,1
Sue Monk Kidd,who know the truth,sixth,50,45,900,1
Mark Twain,City of Bones,third,51,178,900,1
E.B. White,Eclipse,second,52,185,900,1
Mark Haddon,Eragon,fifth,53,217,900,1
Paula Hawkins,The Hitchhiker's Guide to the Galaxy,third,54,257,900,1
Philip Pullman,Brave New World,fifth,55,515,900,1
Emily Bront?,Breaking Dawn,sixth,56,183,900,1
Jodi Picoult,The Secret Life of Bees,third,57,125,900,1
Kurt Vonnegut Jr.,The Adventures of Huckleberry Finn,second,58,2277,900,1
Margaret Mitchell,Charlottes Web,fifth,59,180,900,1
Khaled Hosseini,The Curious Incident of the Dog in the Night-Time,third,60,183,900,1
Stephen Chbosky,The Girl on the Train,fifth,61,14,900,1
Veronica Roth,Northern Lights,sixth,62,287,900,1
Orson Scott Card,Wuthering Heights,third,63,2498,900,1
Mary Wollstonecraft Shelley,My Sisters Keeper,second,64,125,900,1
Stephen King,Slaughterhouse-Five,fifth,65,241,900,1
Stephenie Meyer,Gone with the Wind,third,66,409,900,1
John Green,A Thousand Splendid Suns,fifth,67,197,900,1
Helen Fielding,The Perks of Being a Wallflower,sixth,68,128,900,1
Jane Austen,Insurgent,third,69,164,900,1
Louis Sachar,Enders Game,second,70,224,900,1
Lauren Weisberger,Frankenstein,fifth,71,2618,900,1
Homer,The Shining,third,72,289,900,1
Antoine de Saint,The Host,fifth,73,161,900,1
Jeannette Walls,Looking for Alaska,sixth,74,187,900,1
Charles Dickens,Sense and Sensibility,third,76,1969,900,1
Michael Crichton,Holes,second,77,138,900,1
Shel Silverstein,The Devil Wears Prada,fifth,78,129,900,1
John Grisham, history,third,79,1703,900,1
Elie Wiesell,Le Petit Prince,fifth,80,1708,900,1
John Green,The Glass Castle,sixth,81,92,900,1
William Goldman,Into the Wild,third,82,108,900,1
S.E. Hinton,A Tale of Two Cities,second,83,525,900,1
James Dashner,Jurassic Park,fifth,84,176,900,1
Steven,The Giving Tree,third,85,81,900,1
Frances Hodgson Burnett,A Time to Kill,fifth,86,158,900,1
Gabriel Garca ,Un di Velt Hot Geshvign,sixth,87,109,900,1
Oscar Wilde,Paper Towns,third,88,178,900,1
E.L. James,The Princess Bride,second,89,129,900,1
Bram Stoker,The Outsiders,fifth,90,156,900,1
Stieg Larsson,The Maze Runner,third,91,147,900,1
E.L. James,Freakonomics,fifth,92,124,500,1
Barbara Kingsolver,The Secret Garden,sixth,93,1350,500,1
David Sedaris,Cien aos de soledad,third,94,555,500,1
Maurice Sendak,The Picture of Dorian Gray,second,95,2303,500,1
Alexandre Dumas,Fifty Shades Freed,fifth,96,133,500,1
Cormac McCarthy,Dracula,third,97,2207,500,1
Veronica Roth,Flickan som lekte med elden,fifth,98,209,500,1
Tina Fey,Fifty Shades Darker,sixth,99,147,500,1
Nicholas Sparks,The Poisonwood Bible,third,100,39,500,1
Sophie Kinsella,Me Talk Pretty One Day,second,101,59,500,1
Victor Hugo,science of life,fifth,102,110,500,1
Madeleine L'Engle,The Count of Monte Cristo,fifth,103,272,1100,1
Amy Tan,The Road,sixth,104,491,1100,1
Margaret Atwood,Allegiant (Divergent  #3),third,105,226,1100,1
Ann Brashares,Bossypants,second,106,487,1100,1
Vladimir Nabokov,A Walk to Remember,fifth,107,356,1100,1
Gregory Maguire Douglas Smith,Confessions of a Shopaholic (Shopaholic  #1),third,108,226,1100,1
John Grisham,Les MisÃ©rables,fifth,109,969,1100,1
Emma Donoghue,A Clash of Kings  (A Song of Ice and Fire  #2),sixth,110,360,1100,1
William Shakespeare,The Memory Keeper's Daughter,third,111,311,1100,1
Frank Herbert,Me Before You (Me Before You  #1),second,112,455,1100,1
Malcolm Gladwell,Catch-22,fifth,113,283,1100,1
Walter Isaacson,Tuesdays with Morrie,third,114,210,1100,1
Ken Kesey,Middlesex,fifth,115,995,1100,1
Ernest Hemingway,The Adventures of Tom Sawyer,sixth,116,896,1100,1
John Steinbeck,A Wrinkle in Time (A Wrinkle in Time Quintet  #1),third,117,710,1100,1
Mitch Albom,The Joy Luck Club,second,118,274,1100,1
L.M. Montgomery,The Handmaid's Tale,fifth,119,201,1100,1
Cassandra Clare,The Sisterhood of the Traveling Pants (Sisterhood  #1),third,120,376,1100,1
George R.R. Martin,Lolita,fifth,121,566,900,1
Rebecca Wells,Wicked: The Life and Times of the Wicked Witch of the West (The Wicked Years  #1),sixth,122,239,900,1
Diana Gabaldon,The Firm (Penguin Readers  Level 5),third,123,307,900,1
Nathaniel Hawthorne Thomas E. Connolly Nina Baym,Room,second,124,183,900,1
Ransom Riggs,Hamlet,fifth,125,398,900,1
Stieg Larsson Reg Keeland,Dune (Dune Chronicles #1),third,126,332,900,1
Andy Weir,The Tipping Point: How Little Things Can Make a Big Difference,fifth,127,263,900,1
Ken Follett,Steve Jobs,sixth,128,350,900,1
Anthony Doerr,One Flew Over the Cuckoo's Nest,third,129,275,900,1
Laura Hillenbrand,The Old Man and the Sea,second,130,458,900,1
Dan Brown,The Grapes of Wrath,fifth,131,1937,900,1
Donna Tartt,The Five People You Meet in Heaven,third,132,196,900,1
Jay Asher,Anne of Green Gables (Anne of Green Gables  #1),fifth,133,183,900,1
Tracy Chevalier,City of Glass (The Mortal Instruments  #3),sixth,134,373,900,1
Gayle Forman,A Storm of Swords (A Song of Ice and Fire  #3),third,135,220,900,1
Anita Diamant,Divine Secrets of the Ya-Ya Sisterhood,second,136,169,900,1
Rick Riordan,Outlander (Outlander  #1),fifth,137,458,900,1
Nicholas Sparks,The Scarlet Letter,third,138,192,900,1
Cassandra Clare,Miss Peregrineâ€™s Home for Peculiar Children (Miss Peregrineâ€™s Peculiar Children  #1),fifth,139,474,900,1
William Shakespeare,The Girl Who Kicked the Hornet's Nest (Millennium  #3),sixth,140,167,900,1
J.R.R. Tolkien,The Martian,third,141,101,900,1
Emily Giffin,The Pillars of the Earth (The Kingsbridge Series #1),second,142,185,900,1
Dr. Seuss ×œ×,All the Light We Cannot See,fifth,143,159,900,1
Roald Dahl Quentin Blake,Unbroken: A World War II Story of Survival Resilience and Redemption,third,144,1707,900,1
Rick Riordan,Deception Point,fifth,145,2568,900,1
Charles Dickens,The Goldfinch,sixth,146,190,900,1
J.R.R. Tolkien,Thirteen Reasons Why,third,147,264,900,1
Albert Camus,Girl with a Pearl Earring,second,148,128,900,1
Rick Riordan,If I Stay (If I Stay  #1),fifth,149,251,900,1
Rainbow Rowell,The Red Tent,third,150,507,900,1
George R.R. Martin,The Sea of Monsters (Percy Jackson and the Olympians  #2),fifth,151,194,900,1
Ally Condie,Dear John,sixth,152,45,900,1
Neil Gaiman,City of Ashes (The Mortal Instruments  #2),third,153,178,900,1
Stephen King,Macbeth,second,154,185,900,1
Nicholas Sparks,The Two Towers (The Lord of the Rings  #2),fifth,155,217,900,1
Dan Brown,Something Borrowed (Darcy & Rachel #1),third,156,257,900,1
Jane Austen Fiona Stafford,Green Eggs and Ham,fifth,157,515,900,1
Leo Tolstoy Louise Maude Leo Tolstoj,Charlie and the Chocolate Factory (Charlie Bucket  #1),sixth,158,183,900,1
Anthony Burgess,The Battle of the Labyrinth (Percy Jackson and the Olympians  #4),third,159,125,900,1
William Paul Young,Great Expectations,second,160,2277,900,1
Rick Riordan,The Return of the King (The Lord of the Rings #3),fifth,161,180,900,1
Stephen King,The Stranger,third,162,183,900,1
Fyodor Dostoyevsky David McDuff,The Lost Hero (The Heroes of Olympus #1),fifth,163,14,900,1
Sylvia Plath,Eleanor & Park,sixth,164,287,900,1
Frank McCourt,A Feast for Crows (A Song of Ice and Fire #4),third,165,2498,900,1
Hermann Hesse Hilda Rosner,Matched (Matched #1),second,166,125,900,1
Truman Capote,American Gods (American Gods #1),fifth,167,241,900,1
Kami Garcia Margaret Stohl,The Stand,third,168,409,900,1
Cassandra Clare,The Last Song,fifth,169,197,900,1
Roald Dahl Quentin Blake,Digital Fortress,sixth,170,128,900,1
Erin Morgenstern,Emma,third,171,164,900,1
Philippa Gregory,Anna Karenina,second,172,224,900,1
Scott Westerfeld,A Clockwork Orange,fifth,173,2618,900,1
George R.R. Martin,The Shack,third,174,289,900,1
J.R.R. Tolkien,The Last Olympian (Percy Jackson and the Olympians #5),fifth,175,161,900,1
Cheryl Strayed,It,sixth,176,187,900,1
Alan Moore Dave Gibbons John Higgins,Crime and Punishment,third,177,1969,900,1
Patrick Rothfuss,The Bell Jar,second,178,138,900,1
Malcolm Gladwell,Angela's Ashes (Frank McCourt #1),fifth,179,129,900,1
Herman Melville Andrew Delbanco,Siddhartha,sixth,180,1703,900,1
Mary Ann Shaffer Annie Barrows,In Cold Blood,third,181,1708,900,1
Chuck Palahniuk,Beautiful Creatures (Caster Chronicles #1),second,182,92,900,1
Charlaine Harris,Clockwork Angel (The Infernal Devices  #1),fifth,183,108,900,1
Alice Walker,Matilda,third,184,525,900,1
John Grogan,The Night Circus,fifth,185,176,900,1
Agatha Christie,The Other Boleyn Girl (The Plantagenet and Tudor Novels  #9),sixth,186,81,900,1
Dan Brown,Uglies (Uglies  #1),third,187,158,900,1
Becca Fitzpatrick,A Dance with Dragons (A Song of Ice and Fire  #5),second,188,109,900,1
Jamie McGuire,The Lord of the Rings (The Lord of the Rings  #1-3),fifth,189,178,900,1
Charles Dickens,Wild: From Lost to Found on the Pacific Crest Trail,third,190,129,900,1
Anne Rice,Watchmen,fifth,191,156,900,1
Kiera Cass,The Name of the Wind (The Kingkiller Chronicle  #1),sixth,192,147,900,1
Janet Evanovich,Outliers: The Story of Success,third,193,124,500,1
Rebecca Skloot,Moby-Dick or The Whale,second,194,1350,500,1
Thomas Harris,The Guernsey Literary and Potato Peel Pie Society,fifth,195,555,500,1
Richelle Mead,Fight Club,third,196,2303,500,1
Malcolm Gladwell,Dead Until Dark (Sookie Stackhouse #1),fifth,197,133,500,1
Ian McEwan,The Color Purple,sixth,198,2207,500,1
Franz Kafka Stanley Corngold,Marley and Me: Life and Love With the World's Worst Dog,third,199,209,500,1
Rick Riordan,And Then There Were None,second,200,147,500,1
Ernest Cline,The Lost Symbol (Robert Langdon #3),fifth,201,39,500,1
Garth Stein,Hush. Hush (Hush Hush #1),third,202,59,500,1
Erik Larson Tony Goldwyn,Beautiful Disaster (Beautiful #1),fifth,203,110,500,1
Sylvia Day,A Christmas Carol,sixth,204,272,1100,1
C.S. Lewis Pauline Baynes,Interview with the Vampire (The Vampire Chronicles #1),third,205,491,1100,1
Mark Cotta Vaz,The Selection (The Selection #1),second,206,226,1100,1
Dave Pelzer,One for the Money (Stephanie Plum #1),fifth,207,487,1100,1
Robert Ludlum,The Immortal Life of Henrietta Lacks,third,208,356,1100,1
Eoin Colfer,The Silence of the Lambs  (Hannibal Lecter #2),fifth,209,226,1100,1
Lauren Kate,Vampire Academy (Vampire Academy #1),sixth,210,969,1100,1
John Steinbeck,Blink: The Power of Thinking Without Thinking,third,211,360,1100,1
Gillian Flynn,Atonement,second,212,311,1100,1
John Grisham,The Metamorphosis,fifth,213,455,1100,1
Emma McLaughlin,The Titan's Curse (Percy Jackson and the Olympians #3),third,214,283,1100,1
Lewis Carroll John Tenniel,Ready Player One,fifth,215,210,1100,1
Jane Austen,The Art of Racing in the Rain,sixth,216,995,1100,1
Tatiana de Rosnay,The Devil in the White City: Murder Magic and Madness at the Fair That Changed America,third,217,896,1100,1
Stephen King,Bared to You (Crossfire #1),second,218,710,1100,1
Gabriel GarcÃ­a MÃ¡rquez,The Chronicles of Narnia (Chronicles of Narnia #1-7),fifth,219,274,1100,1
Laurie Halse Anderson,Twilight: The Complete Illustrated Movie Companion,third,220,201,1100,1
Liane Moriarty,"A Child Called ""It"" (Dave Pelzer #1)",fifth,221,376,1100,1
Jon Krakauer,The Bourne Identity (Jason Bourne #1),sixth,222,566,900,1
Stephen King,Artemis Fowl (Artemis Fowl #1),third,223,239,900,1
Augusten Burroughs,Fallen (Fallen #1),second,224,307,900,1
Max Brooks,East of Eden,fifth,225,183,900,1
Dan Brown,Dark Places,third,226,398,900,1
Lois Lowry,The Client,fifth,227,332,900,1
James Patterson,The Nanny Diaries (Nanny #1),sixth,228,263,900,1
Stephen King,Alice's Adventures in Wonderland & Through the Looking-Glass,third,229,350,900,1
Gillian Flynn,Persuasion,second,230,275,900,1
Katherine Paterson,Sarah's Key,fifth,231,458,900,1
P.C. Cast,The Gunslinger (The Dark Tower #1),third,232,1937,900,1
Stephen R. Covey,Love in the Time of Cholera,fifth,233,196,900,1
William Shakespeare,Speak,sixth,234,183,900,1
Jonathan Safran Foer,The Husband's Secret,third,235,373,900,1
R.J. Palacio,Into Thin Air: A Personal Account of the Mount Everest Disaster,second,236,220,900,1
Dr. Seuss,Carrie,fifth,237,169,900,1
Marissa Meyer,Running with Scissors,third,238,458,900,1
Robert Galbraith+A233 A216J.K. Rowling,World War Z: An Oral History of the Zombie War,fifth,239,192,900,1
Maggie Stiefvater,Inferno (Robert Langdon #4),sixth,240,474,900,1
Ayn Rand Leonard Peikoff,Number the Stars,third,241,167,900,1
Greg Mortenson David Oliver Relin,Along Came a Spider (Alex Cross #1),second,242,101,900,1
Jane Carruth Lewis Carroll Rene Cloke,Misery,fifth,243,185,900,1
Carlos Ruiz ZafÃ³n Lucia Graves,Sharp Objects,third,244,159,900,1
James Dashner,Bridge to Terabithia,fifth,245,1707,900,1
Dale Carnegie,Marked (House of Night  #1),sixth,246,2568,900,1
Frances Mayes,The 7 Habits of Highly Effective People: Powerful Lessons in Personal Change,third,247,190,900,1
Liane Moriarty,A Midsummer Night's Dream,second,248,264,900,1
Gail Carson Levine,Extremely Loud and Incredibly Close,fifth,249,128,900,1
Ernest Hemingway,Wonder,third,250,251,900,1
Betty  Smith,The Cat in the Hat,fifth,251,507,900,1
James Patterson,Cinder (The Lunar Chronicles  #1),sixth,252,194,900,1
Kristin Hannah,The Cuckoo's Calling (Cormoran Strike #1),third,253,45,900,1
Kazuo Ishiguro,Shiver (The Wolves of Mercy Falls #1),second,254,178,900,1
Cecelia Ahern,Atlas Shrugged,fifth,255,185,900,1
Daphne du Maurier Sally Beauman,Three Cups of Tea: One Man's Mission to Promote Peace ... One School at a Time,sixth,256,217,900,1
Daniel Keyes,Alice in Wonderland,third,257,257,900,1
Laura Esquivel Thomas  Christensen Carol Christensen,The Shadow of the Wind (The Cemetery of Forgotten Books  #1),second,258,515,900,1
Lisa See,The Scorch Trials (Maze Runner #2),fifth,259,183,900,1
Mario Puzo Robert Thompson Peter Bart,How to Win Friends and Influence People,third,260,125,900,1
John Green,Under the Tuscan Sun,fifth,261,2277,900,1
Isaac Asimov,Big Little Lies,sixth,262,180,900,1
Neil Gaiman,Ella Enchanted,third,263,183,900,1
Shel Silverstein,The Sun Also Rises,second,264,14,900,1
John Tiffany Jack Thorne J.K. Rowling,A Tree Grows in Brooklyn,fifth,265,287,900,1
Lauren Oliver,Kiss the Girls (Alex Cross #2),third,266,2498,900,1
John Grisham,The Nightingale,fifth,267,125,900,1
Neil Gaiman,Never Let Me Go,sixth,268,241,900,1
Terry Pratchett Neil Gaiman,P.S. I Love You,third,269,409,900,1
Jack Kerouac,Rebecca,second,270,197,900,1
Graeme Simsion,Flowers for Algernon,fifth,271,128,900,1
Nicholas Sparks,Like Water for Chocolate,third,272,164,900,1
Ayn Rand Leonard Peikoff,Snow Flower and the Secret Fan,fifth,273,224,900,1
Tom Clancy,The Godfather,sixth,274,2618,900,1
Richard Adams,An Abundance of Katherines,third,275,289,900,1
Mindy Kaling,Foundation (Foundation #1),second,276,161,900,1
Abraham Verghese,The Ocean at the End of the Lane,fifth,277,187,900,1
C.S. Lewis Pauline Baynes,A Light in the Attic,third,278,1969,900,1
Robert Louis Stevenson,Harry Potter and the Cursed Child - Parts One and Two (Harry Potter #8),fifth,279,138,900,1
Rick Riordan,Delirium (Delirium #1),sixth,280,129,900,1
Stephen King,The Pelican Brief,third,281,1703,900,1
Eric Carle,Coraline,second,282,1708,900,1
Kurt Vonnegut Jr.,Good Omens: The Nice and Accurate Prophecies of Agnes Nutter  Witch,fifth,283,92,900,1
H.G. Wells Greg Bear Carlo Pagetti,On the Road,third,284,108,900,1
Todd Burpo Lynn Vincent,The Rosie Project (Don Tillman #1),fifth,285,525,900,1
John Boyne,The Lucky One,sixth,286,176,900,1
Joseph Conrad,The Fountainhead,third,287,81,900,1
Nicholas Sparks,The Hunt for Red October (Jack Ryan Universe #4),second,288,158,900,1
Rhonda Byrne,Watership Down (Watership Down #1),fifth,289,109,900,1
Wally Lamb,Is Everyone Hanging Out Without Me? (And Other Concerns),third,290,178,900,1
Stephen King,Cutting for Stone,fifth,291,129,900,1
Wally Lamb,The Voyage of the Dawn Treader (Chronicles of Narnia #3),sixth,292,156,900,1
Patrick Rothfuss,Treasure Island,third,293,147,900,1
Sophie Kinsella,The Son of Neptune (The Heroes of Olympus #2),second,294,124,500,1
Cassandra Clare,11/22/63,fifth,295,1350,500,1
Jennifer Weiner,The Very Hungry Caterpillar Board Book,third,296,555,500,1
Colleen McCullough,Cat's Cradle,fifth,297,2303,500,1
Neil Gaiman Dave McKean,The Time Machine,sixth,298,133,500,1
M.L. Stedman,Heaven is for Real: A Little Boy's Astounding Story of His Trip to Heaven and Back,third,299,2207,500,1
Cornelia Funke Anthea Bell,The Boy in the Striped Pajamas,second,300,209,500,1
Spencer Johnson Kenneth H. Blanchard,Heart of Darkness,fifth,301,147,500,1
Bill Bryson,Safe Haven,third,302,39,500,1
Maya Angelou,The Secret (The Secret  #1),fifth,303,59,500,1
Christina Baker Kline,I Know This Much Is True,sixth,304,110,500,1
Cassandra Clare,Pet Sematary,third,305,272,1100,1
Maria Semple,She's Come Undone,second,306,491,1100,1
Wilson Rawls,The Wise Man's Fear (The Kingkiller Chronicle  #2),fifth,307,226,1100,1
Neil Gaiman,Can You Keep a Secret?,third,308,487,1100,1
Milan Kundera Michael Henry Heim,City of Fallen Angels (The Mortal Instruments  #4),fifth,309,356,1100,1
Rainbow Rowell,Good in Bed (Cannie Shapiro  #1),sixth,310,226,1100,1
John Irving,The Thorn Birds,third,311,969,1100,1
Janet Fitch,The Graveyard Book,second,312,360,1100,1
Marie Lu,The Light Between Oceans,fifth,313,311,1100,1
Jodi Picoult,Inkheart (Inkworld  #1),third,314,455,1100,1
Randy Pausch Jeffrey Zaslow,Who Moved My Cheese?,fifth,315,283,1100,1
Robert Jordan,A Walk in the Woods,sixth,316,210,1100,1
Jodi Picoult,I Know Why the Caged Bird Sings,third,317,995,1100,1
C.S. Lewis,Orphan Train,second,318,896,1100,1
Lisa Genova,City of Lost Souls (The Mortal Instruments  #5),fifth,319,710,1100,1
Sylvia Day,Where'd You Go Bernadette,third,320,274,1100,1
Roald Dahl Quentin Blake,Where the Red Fern Grows,fifth,321,201,1100,1
James Patterson,Neverwhere,sixth,322,376,1100,1
Douglas Adams,The Unbearable Lightness of Being,third,323,566,900,1
David Nicholls,Fangirl,second,324,239,900,1
Margaret Wise Brown Clement Hurd,A Prayer for Owen Meany,fifth,325,307,900,1
Pittacus Lore,White Oleander,third,326,183,900,1
Homer Robert Fagles,Legend (Legend  #1),fifth,327,398,900,1
J.K. Rowling,Nineteen Minutes,sixth,328,332,900,1
John Grisham,The Last Lecture,third,329,263,900,1
David Sedaris,The Eye of the World (Wheel of Time  #1),second,330,350,900,1
Christopher Paolini,The Pact,fifth,331,275,900,1
L. Frank Baum,The Magician's Nephew (Chronicles of Narnia  #6),sixth,332,458,900,1
C.S. Lewis,Still Alice,third,333,1937,900,1
E. Lockhart,Reflected in You (Crossfire  #2),second,334,196,900,1
Stephen King,James and the Giant Peach,fifth,335,183,900,1
Hunter S. Thompson,1st to Die (Women's Murder Club  #1),third,336,373,900,1
Cassandra Clare,The Ultimate Hitchhiker's Guide to the Galaxy,fifth,337,220,900,1
Amy Poehler,One Day,sixth,338,169,900,1
William Shakespeare,Goodnight Moon,third,339,458,900,1
Toni Morrison,I Am Number Four (Lorien Legacies  #1),second,340,192,900,1
Kristin Cashore,The Iliad,fifth,341,474,900,1
Lemony Snicket,The Casual Vacancy,third,342,167,900,1
Erich Maria Remarque  A.W. Wheen,The Runaway Jury,fifth,343,101,900,1
Dr. Seuss,Naked,sixth,344,185,900,1
Khaled Hosseini,Eldest (The Inheritance Cycle  #2),third,345,159,900,1
Philip K. Dick Roger Zelazny,The Wonderful Wizard of Oz (Oz  #1),second,346,1707,900,1
Charles Dickens,Prince Caspian (Chronicles of Narnia  #2),fifth,347,2568,900,1
C.S. Lewis,We Were Liars,third,348,190,900,1
Stephanie Perkins,'Salem's Lot,fifth,349,264,900,1
Dr. Seuss,Fear and Loathing in Las Vegas,sixth,350,128,900,1
Alan Moore David   Lloyd,Clockwork Prince (The Infernal Devices  #2),third,351,251,900,1
David McCullough,Yes Please,second,352,507,900,1
Dean Koontz,Othello,fifth,353,194,900,1
Philip Pullman,Beloved,third,354,45,900,1
Jerry Spinelli,Graceling (Graceling Realm  #1),fifth,355,178,900,1
Rick Riordan,The Bad Beginning (A Series of Unfortunate Events  #1),sixth,356,185,900,1
Robert A. Heinlein,All Quiet on the Western Front,third,357,217,900,1
David Sedaris,Oh The Places You'll Go!,second,358,257,900,1
Mindy Kaling,And the Mountains Echoed,fifth,359,515,900,1
Abraham Verghese,Do Androids Dream of Electric Sheep?,third,360,183,900,1
C.S. Lewis Pauline Baynes,Oliver Twist,fifth,361,125,900,1
Robert Louis Stevenson,The Screwtape Letters,sixth,362,2277,900,1
Rick Riordan,Anna and the French Kiss (Anna and the French Kiss  #1),third,363,180,900,1
Stephen King,How the Grinch Stole Christmas!,second,364,183,900,1
Eric Carle,V for Vendetta,fifth,365,14,900,1
Kurt Vonnegut Jr.,John Adams,third,366,287,900,1
H.G. Wells Greg Bear Carlo Pagetti,Odd Thomas (Odd Thomas  #1),fifth,367,2498,900,1
Todd Burpo Lynn Vincent,The Subtle Knife (His Dark Materials #2),sixth,368,125,900,1
John Boyne,Stargirl (Stargirl  #1),third,369,241,900,1
Joseph Conrad,The Red Pyramid (Kane Chronicles #1),second,370,409,900,1
Nicholas Sparks,Stranger in a Strange Land,fifth,371,197,900,1
Rhonda Byrne,Dress Your Family in Corduroy and Denim,third,372,128,900,1
Wally Lamb,The BFG,fifth,373,164,900,1
Stephen King,A Short History of Nearly Everything,sixth,374,224,900,1
Wally Lamb,The Call of the Wild,third,375,2618,900,1
Patrick Rothfuss,The Death Cure (Maze Runner #3),second,376,289,900,1
Sophie Kinsella,Stardust,fifth,377,161,900,1
Cassandra Clare,The Namesake,third,378,187,900,1
Jennifer Weiner,A Discovery of Witches (All Souls Trilogy #1),fifth,379,1969,900,1
Colleen McCullough,Norwegian Wood,sixth,380,138,900,1
Neil Gaiman Dave McKean,Where the Heart Is,third,381,129,900,1
M.L. Stedman,Will Grayson Will Grayson,second,382,1703,900,1
Cornelia Funke Anthea Bell,A Million Little Pieces,fifth,383,1708,900,1
Spencer Johnson Kenneth H. Blanchard,Frostbite (Vampire Academy #2),third,384,92,900,1
Bill Bryson,Quiet: The Power of Introverts in a World That Can't Stop Talking,fifth,385,108,900,1
Maya Angelou,Island of the Blue Dolphins (Island of the Blue Dolphins #1),sixth,386,525,900,1
Christina Baker Kline,The Crucible,third,387,176,900,1
Cassandra Clare,Hatchet (Brian's Saga #1),second,388,81,900,1
Maria Semple,The Final Empire (Mistborn  #1),fifth,389,158,900,1
Wilson Rawls,The Strange Case of Dr. Jekyll and Mr. Hyde,third,390,109,900,1
Neil Gaiman,The Lorax,fifth,391,178,900,1
Milan Kundera Michael Henry Heim,Diary of a Wimpy Kid (Diary of a Wimpy Kid #1),sixth,392,129,900,1
Rainbow Rowell,Throne of Glass (Throne of Glass #1),third,393,156,900,1
John Irving,Shadow Kiss (Vampire Academy  #3),second,394,147,900,1
Janet Fitch,For Whom the Bell Tolls,fifth,395,124,500,1
Marie Lu,Hotel on the Corner of Bitter and Sweet,third,396,1350,500,1
Jodi Picoult,Perfume: The Story of a Murderer,fifth,397,555,500,1
Randy Pausch Jeffrey Zaslow,Fast Food Nation: The Dark Side of the All-American Meal,sixth,398,2303,500,1
Robert Jordan,The Tales of Beedle the Bard,third,399,133,500,1
Jodi Picoult,Neuromancer,second,400,2207,500,1
C.S. Lewis,A Farewell to Arms,fifth,401,209,500,1
Lisa Genova,The Tell-Tale Heart and Other Writings,third,402,147,500,1
Sylvia Day,The Art of War,fifth,403,39,500,1
Roald Dahl Quentin Blake,Defending Jacob,sixth,404,59,500,1
James Patterson,Breakfast of Champions,third,405,110,500,1
Douglas Adams,The New Drawing on the Right Side of the Brain,second,406,272,1100,1
David Nicholls,Bel Canto,fifth,407,491,1100,1
Margaret Wise Brown Clement Hurd,Guns Germs and Steel: The Fates of Human Societies,sixth,408,226,1100,1
Pittacus Lore,Fried Green Tomatoes at the Whistle Stop Cafe,third,409,487,1100,1
Homer Robert Fagles,Things Fall Apart (The African Trilogy  #1),second,410,356,1100,1
J.K. Rowling,The Undomestic Goddess,fifth,411,226,1100,1
John Grisham,The Five Love Languages: How to Express Heartfelt Commitment to Your Mate,third,412,969,1100,1
David Sedaris,The Three Musketeers,fifth,413,360,1100,1
Christopher Paolini,Little Bee,sixth,414,311,1100,1
L. Frank Baum,Evermore (The Immortals #1),third,415,455,1100,1
C.S. Lewis,The Witches,second,416,283,1100,1
E. Lockhart,The Thirteenth Tale,fifth,417,210,1100,1
Stephen King,Spirit Bound (Vampire Academy #5),third,418,995,1100,1
Hunter S. Thompson,Blood Promise (Vampire Academy #4),fifth,419,896,1100,1
Cassandra Clare,Message in a Bottle,sixth,420,710,1100,1
Amy Poehler,The Paris Wife,third,421,274,1100,1
William Shakespeare,Harry Potter Boxset (Harry Potter. #1-7),second,422,201,1100,1
Toni Morrison,The Elite (The Selection  #2),fifth,423,376,1100,1
Kristin Cashore,The Name of the Rose,third,424,566,900,1
Lemony Snicket,Go Ask Alice,fifth,425,239,900,1
Erich Maria Remarque  A.W. Wheen,A Confederacy of Dunces,sixth,426,307,900,1
Dr. Seuss,The Importance of Being Earnest,third,427,183,900,1
Khaled Hosseini,The Mark of Athena (The Heroes of Olympus #3),second,428,398,900,1
Philip K. Dick Roger Zelazny,The Color of Magic (Discworld #1. Rincewind #1),fifth,429,332,900,1
Charles Dickens,Kafka on the Shore,third,430,263,900,1
C.S. Lewis,Red Dragon (Hannibal Lecter #1),fifth,431,350,900,1
Stephanie Perkins,I. Robot (Robot #0.1),sixth,432,275,900,1
Dr. Seuss,Dark Lover (Black Dagger Brotherhood  #1),third,433,458,900,1
Alan Moore David   Lloyd,Crescendo (Hush Hush #2),second,434,1937,900,1
David McCullough,Before I Fall,fifth,435,196,900,1
Dean Koontz,The God of Small Things,third,436,183,900,1
Philip Pullman,The Invention of Wings,fifth,437,373,900,1
Jerry Spinelli,What Alice Forgot,sixth,438,220,900,1
Rick Riordan,A Brief History of Time,third,439,169,900,1
Robert A. Heinlein,Fall of Giants (The Century Trilogy #1),second,440,458,900,1
David Sedaris,Under the Dome,fifth,441,192,900,1
J.K. Rowling,Snow Crash,third,442,474,900,1
Stephenie Meyer,Just Listen,fifth,443,167,900,1
Harper Lee,Winnie-the-Pooh (Winnie-the-Pooh  #1),sixth,444,101,900,1
F. Scott Fitzgerald,Before I Go to Sleep,third,445,185,900,1
John Green,A Study in Scarlet,second,446,159,900,1
J.R.R. Tolkien,Brisingr (The Inheritance Cycle  #3),fifth,447,1707,900,1
J.D. Salinger,The Purpose Driven Life: What on Earth Am I Here for?,third,448,2568,900,1
Dan Brown,Betrayed (House of Night #2),fifth,449,190,900,1
Jane Austen,Storm Front (The Dresden Files  #1),sixth,450,264,900,1
Khaled Hosseini,Northanger Abbey,third,451,128,900,1
Veronica Roth,The 5th Wave (The 5th Wave  #1),second,452,251,900,1
Suzanne Collins,Cold Mountain,fifth,453,507,900,1
J.K. Rowling,If You Give a Mouse a Cookie,third,454,194,900,1
Alice Sebold,Something Blue (Darcy & Rachel  #2),fifth,455,45,900,1
J.K. Rowling,A Streetcar Named Desire,sixth,456,178,900,1
J.K. Rowling,The Historian,third,457,185,900,1
George R.R. Martin,Station Eleven,second,458,217,900,1
Dan Brown,A Man Called Ove,fifth,459,257,900,1
J.K. Rowling,Clockwork Princess (The Infernal Devices  #3),third,460,515,900,1
William Golding,The Good Earth (House of Earth  #1),fifth,461,183,900,1
William Shakespeare,Ways of Seeing,sixth,462,125,900,1
Gillian Flynn,Dragonfly in Amber (Outlander  #2),third,463,2277,900,1
Kathryn Stockett,Holy Bible: King James Version,second,464,180,900,1
John Steinbeck,In Her Shoes,fifth,465,183,900,1
Arthur Golden,The Hobbit: Graphic Novel,third,466,14,900,1
E.L. James,The Brief Wondrous Life of Oscar Wao,fifth,467,287,900,1
Paulo Coelho,Their Eyes Were Watching God,sixth,468,2498,900,1
Lois Lowry,Fantastic Beasts and Where to Find Them,third,469,125,900,1
C.S. Lewis,I Am Malala: The Story of the Girl Who Stood Up for Education and Was Shot by the Taliban,second,470,241,900,1
Audrey Niffenegger,Mansfield Park,fifth,471,409,900,1
George R.R. Martin,Man's Search for Meaning,third,472,197,900,1
Elizabeth Gilbert,In the Woods (Dublin Murder Squad  #1),fifth,473,128,900,1
Rick Riordan,The God Delusion,sixth,474,164,900,1
Louisa May Alcott,Where She Went (If I Stay  #2),third,475,224,900,1
Charlotte Bront,The World According to Garp,second,476,2618,900,1
Nicholas Sparks,Killing Floor (Jack Reacher  #1),fifth,477,289,900,1
Yann Martel,Robinson Crusoe,third,478,161,900,1
Sara Gruen,The Prince,fifth,479,187,900,1
Markus Zusak,The Amber Spyglass (His Dark Materials  #3),sixth,480,1969,900,1
Ray Bradbury,Wizard's First Rule (Sword of Truth  #1),third,481,138,900,1
Stephenie Meyer,The Kitchen House,second,482,129,900,1
Shel Silverstein,Franny and Zooey,fifth,483,1703,900,1
Cassandra Clare,Choke,sixth,484,1708,900,1
Stephenie Meyer,The Brothers Karamazov,third,485,92,900,1
Christopher Paolini,The City of Ember (Book of Ember  #1),second,486,108,900,1
Douglas Adams,The Andromeda Strain,fifth,487,525,900,1
Aldous Huxley,The Green Mile,third,488,176,900,1
Stephenie Meyer,The Prophet,fifth,489,81,900,1
Sue Monk Kidd,Maus I: A Survivor's Tale: My Father Bleeds History (Maus #1),sixth,490,158,900,1
Mark Twain,Untamed (House of Night  #4),third,491,109,900,1
E.B. White,Speaker for the Dead (Ender's Saga  #2),second,492,178,900,1
Mark Haddon,Mere Christianity,fifth,493,129,900,1
Paula Hawkins,The Secret History,third,494,156,900,1
Philip Pullman,A Heartbreaking Work of Staggering Genius,fifth,495,147,900,1
Emily Bront,The Clan of the Cave Bear (Earth's Children  #1),sixth,496,124,500,1
Jodi Picoult,Black Beauty,third,497,1350,500,1
Kurt Vonnegut Jr.,War and Peace,second,498,555,500,1
Margaret Mitchell,American Psycho,fifth,499,2303,500,1
Khaled Hosseini,The Princess Diaries (The Princess Diaries  #1),third,500,133,500,1
mashood ali,mashoodali,first,501,100,1100,1
,mashoodali,first,501,100,1100,1